Eb@Hs[XFhl,1000Names@groupemusique.com,1^rP;XD;COtG3wrB6^[9,True
]rNbz>f`^@,12Rounds@groupemusique.com,Pz}FP^W1T:^r>^:[cv@,True
~g7tH5Rq~{,13thHole@groupemusique.com,XuSZXGdziu~mB<6sGcBR,True
O8P2{cI0Em,22Pistepirkko@groupemusique.com,k^6Y|Hy|5Ae;{a7:3`,False
dePx84zTBV,24.7Spyz@groupemusique.com,QJYT;EaJ`r|?J<KOBJRK,True
cv6yQ>SI|`,2Bal2Neg'@groupemusique.com,;UA6==doIygQmZ_XlIzy,True
_x^|Y0@9lG,2ManyDjs@groupemusique.com,MQzoz~48EZr}S?J=4k8l,False
w@3mJR6g@,3Mustaphas3@groupemusique.com,O9cdUIz]haf@jo<e>v3g,True
^rRux@Ri~,4????????????@groupemusique.com,]QwrFm]0rJ;1edv>Rpd;,False
[oBmFC=k@0,50MilesFromVancouver@groupemusique.com,M{Xc2g]Z<pj~iOqp]~2h,False
Aq@6@8>UJo,64DollarQuestion@groupemusique.com,pe=NzZm2<KxYueyC@J_X,True
X71Kkyhm7Y,69@groupemusique.com,1UGS8oS6s73E]p|@LR1y,True
3>gmnEn1s~,78RPMSelector@groupemusique.com,sPP`_sYY<Ouu@XAYOv6o,False
jIjiPnT[Ia,808State@groupemusique.com,raG2wCyKoGjlMT?3GE}_,False
@SnQ>Sx;tZ,AbrahamInc.@groupemusique.com,CBC3mLR[^RMlf9of9xQ,True
Wd0th^G_||,AbstracktKealAgram@groupemusique.com,6c_`DWmMQ8wA}7hvX~{w,True
M{9_eF=Ytn,Accrorap@groupemusique.com,MGXA>yyAXD:p_akKnx{X,True
}~Y>EF<5Hc,Ace@groupemusique.com,L<ML7oVlQ8GxaeduE[x;,True
}75qb?6LGT,AcidArab@groupemusique.com,0s~4ie7^ZMmgn;5kfVN`,True
ae8oDjV[[X,AcidBrass@groupemusique.com,?zNV^ud=rdv8[>yW~KIu,False
5_2|_5gthk,AD@groupemusique.com,Fou`h3BX<9D^={4<eV},True
XVBNNH^;iU,A.D.O.R.@groupemusique.com,03V8CW?8TvpwTyy8vjD,True
50Mm<@azJh,AdrianVeidt@groupemusique.com,kNkjeS4E^K~L29f]vo9,False
Yk@9FW1[tg,Aeroplane@groupemusique.com,{r|<qafIYcbsXE6J0DO;,True
KMMNNu7>jq,AesopRock@groupemusique.com,<1XpPYi0^p9cX~SoVncq,False
mD@=9dyIr:,AffectionPlace@groupemusique.com,n0}Blm10b:It`WPJrn:M,False
VPc4H4gX;,AfricaUnite@groupemusique.com,?8vg8J@[mIUrO]0:QzZ,False
ZO~rVh3ZK,AfroCeltSoundSystem@groupemusique.com,]?4|Ri:gx_5SW^ewg:g>,False
8xx0wagN|o,AfroJazz@groupemusique.com,]_mmjftIxmFWh[WF3>xq,True
0E8bTqh`tj,AgentSideGrinder@groupemusique.com,vl{jM2xSFaU9=B<3yyOq,True
s^XJ;}>HyB,AgeofChance@groupemusique.com,62qv[6{;qYg{T?`o`Je1,True
?Qo:2`kcCg,Agoria@groupemusique.com,1Jjt_Zgho8r16EG{PsA?,True
_lt_EoA^Bo,Aï@groupemusique.com,6ANe{b^O1m2v1]b3vZj,True
Z0:byN}fDB,Aipa'Atout@groupemusique.com,OE6yY|Qh7ExdybP@]@<@,False
GZBup4U9MC,AïshaKandisha'sJarringEffects@groupemusique.com,G?>Fse_>X1g}9[XFo05,False
S[N1M@2wCn,Aïwa@groupemusique.com,g0r:;7dApV}5p}@[IWs,False
<US~Kexwa5,AjCroce@groupemusique.com,=~kl`n07dLgj4TzvqH,False
Sy<abpmN9S,Akabu@groupemusique.com,UFKF}Kn{ifeO><iwW<3O,True
Y1Lxk8s{X>,AktuelForce@groupemusique.com,wd8a[|^~70XaTRAeCBSr,False
AwQgRjbs;z,Alabama3@groupemusique.com,w;u=?j^[nRHs@8HpynRu,True
D|fNi_;<nF,AlanStivell@groupemusique.com,_~~aNMfbkI~2_LW<R5?},False
~8Xd~4z|Gl,AlbertHammondJr@groupemusique.com,4oA73y9Bku_gHlUjv:4,True
UVBgt98|Jz,AlecMetric(Live)@groupemusique.com,aEZxmeJgZUCvtNoFRz[z,True
[PSE|ijrL^,Alee@groupemusique.com,?BwbVpNW9QeU@k>{;W_,False
WrThNCLmsB,AlejandroEscovedo@groupemusique.com,?PsiVWuegx[FyqiSGcg,True
hhdW7J9bQc,AlexanderKowalski@groupemusique.com,j@x45By]uZOnjdrQQPc[,True
?Efi3O4]:F,AlexanderTucker@groupemusique.com,|LU?D5r4bP2a`B;j@~Kg,False
Sse}Q>ZQ?H,AlexGrenier@groupemusique.com,DFuPxeKF>TiKTX6fQUY6,True
M_^hXXbVaE,AliHassanKuban@groupemusique.com,2IYX`~E;oP_umW2MlKOk,True
9|^|FjBk[[,AllianceEthnik@groupemusique.com,u_i<{qQp52;S:?@|NYj,False
}SpmiWCoo?,Alphaat@groupemusique.com,No:S8x`}Kh`Q2`taV{Q?,False
h^YGDa`zwd,Alphabet@groupemusique.com,4bAvnf}<i[6hbJ@r{[?l,True
8}ZEP?h|a6,Alsarah&TheNubatones@groupemusique.com,VnQUC>TkXOmvtVZ^YX@],False
d}bm<8D5iN,Amadou&Mariam@groupemusique.com,SbnIdBdqTq|79Hli3@Dn,True
ggTM3j}cKP,AmonTobin@groupemusique.com,A0o8SBRqmZHgw6Mi@mxu,True
cPKjX}Cg0u,AmpFiddler@groupemusique.com,?1UKS}S^Ry6vlksDfvE~,True
g3icgXRl@8,AnchesDooTooCoolDuo@groupemusique.com,K:R0^Xnp7HJ0KvAIK}x9,True
jS0~RaXeQy,AndreBratten@groupemusique.com,<J:bCoOn>SeIaAX5}y=,False
]Jy=CbCyie,AndréRoque@groupemusique.com,Fw5P2dXeS{p=tRuTQU,False
Cx~G6bg:d=,AndrewMore@groupemusique.com,0OW@@2zjPv2ROI=d1fR,True
